id,valor
p0_filas_crudas,76756.0
p1_partidos_bd_corregida,7232.0
p2_duracion_na,2249.0
p3_pais_desconocido,45.0
p4_w_rank_main_validos,64869.0
p4_l_rank_main_validos,53440.0
p5_forfeit,915.0
p5_retirado,174.0
p6_etapa_otra,0.0
p7_filas_invalidas,7.0
p7_match_id_duplicados,0.0
p7_filas_finales,76749.0
p8_stats_completas,14571.0
p8_stats_basicas,16189.0
p8_celdas_invalidas,64.0
p9_edad_inconsistente,460.0
p10_partidos_con_ambos_rank,53375.0
p10_pct_upset,29.914754098360657
p11_filas_long,153498.0
p11_filas_jugadores,306996.0
t4_3_n_estatura,1513.0
t4_3_n_duración,1680.0
t4_3_n_estadísticas,64.0
t4_1_n_filas,76756.0
t4_1_n_columnas,65.0
f4_1_n_AVP_M,13992.0
f4_1_n_AVP_W,11357.0
f4_1_n_FIVB_M,26274.0
f4_1_n_FIVB_W,25126.0
f4_2_n_Clasificatoria,23589.0
f4_2_n_Fase_de_grupos,17158.0
f4_2_n_Cuadro_principal,32412.0
f4_2_n_Semifinales,1950.0
f4_2_n_Finales,1640.0
t4_2_n_sede_usa,27307.0
t4_2_n_registros_usa,112522.0
t4_2_n_unicos_usa,4089.0
f4_3_mediana_1_sets,23.0
f4_3_mediana_2_sets,38.0
f4_3_mediana_3_sets,54.0
f4_3_n_atipicos_global,902.0
f4_3_n_atipicos_por_sets,1680.0
t4_3_n_edad,2668.0
t4_3_n_estatura_h,3424.0
t4_3_n_estatura_m,1513.0
t4_3_n_ranking,243.0
t5_1_n_dup_exactos,0.0
t5_1_n_llave_falsa,18603.0
t5_1_n_torneos_multi_evento,3.0
f5_1_pct_aces,78.89839230809318
"f5_1_pct_ataques,",81.0092207775288
f5_1_pct_errores,81.31563004846527
f5_1_pct_estatura,7.150255354630257
f5_1_pct_edad,0.9149121892751056
f5_1_pct_duración,2.9225136483862983
f5_1_pct_ranking,30.37433712491368
f5_1_pct_cobertura_fivb,2.727626459143969
f5_1_pct_cobertura_avp,51.95076728865043
f5_2_n_stats,14571.0
f5_2_pct_stats_avp,90.37814837691305
t5_3_n_filas_vb_matches_limpio,76749.0
t5_3_n_columnas_vb_matches_limpio,113.0
t5_3_n_filas_vb_long,153498.0
t5_3_n_columnas_vb_long,30.0
t5_3_n_filas_vb_jugadores,306996.0
t5_3_n_columnas_vb_jugadores,11.0
t6_1_n_edad,304191.0
t6_1_media_edad,28.565299289919825
t6_1_asim_edad,0.4131840221575413
t6_1_n_estatura_hombres,147959.0
t6_1_media_estatura_hombres,193.55183165606687
t6_1_asim_estatura_hombres,0.1804663227088006
t6_1_n_estatura_mujeres,137096.0
t6_1_media_estatura_mujeres,179.773476396102
t6_1_asim_estatura_mujeres,-0.0667344335483514
t6_1_n_ranking,118306.0
t6_1_media_ranking,14.945302858688486
t6_1_asim_ranking,0.4752542766804757
t6_1_n_duración,74506.0
t6_1_media_duración,43.92310686387673
t6_1_asim_duración,0.8071036300147647
t6_1_n_número,75840.0
t6_1_media_número,2.31909282700422
t6_1_asim_número,0.6952484136239994
t6_1_n_puntos,75840.0
t6_1_media_puntos,83.77492088607595
t6_1_asim_puntos,0.5170609622463991
t6_1_n_kills,29095.0
t6_1_media_kills,27.43619178553016
t6_1_asim_kills,0.2182868073083003
t6_1_n_aces,29142.0
t6_1_media_aces,2.1385972136435387
t6_1_asim_aces,1.1613333781742603
t6_1_n_bloqueos,29142.0
t6_1_media_bloqueos,2.7929792052707434
t6_1_asim_bloqueos,0.9891569055032912
t6_1_n_defensas_digs,29142.0
t6_1_media_defensas_digs,15.61395923409512
t6_1_asim_defensas_digs,0.9373223792346722
t6_1_n_%,28606.0
t6_1_media_%,0.3871876529399427
t6_1_asim_%,-0.2489087211921402
f6_1_mediana_edad,28.219
f6_1_n_menor_16,255.0
f6_1_n_mayor_45,737.0
f6_2_mediana_M,193.04
f6_2_mediana_W,180.34
f6_2_pct_partidos_sin_estatura,18.15919425660269
f6_3_n_con_rank,118306.0
f6_3_pct_sin_rank,22.926683083818684
f6_4_p25,36.0
f6_4_mediana,42.0
f6_4_p75,51.0
f6_5_n_1_sets,215.0
f6_5_n_2_sets,51210.0
f6_5_n_3_sets,24415.0
f6_5_n_1_set_sin_retiro,152.0
f6_5_mediana_puntos,77.0
t6_2_rbc_rank_main,-0.2105543910786347
t6_2_solap_rank_main,0.631578947368421
t6_2_ng_rank_main,64869.0
t6_2_rbc_estatura_media_cm_h,0.0833448020792828
t6_2_solap_estatura_media_cm_h,0.6000000000000009
t6_2_ng_estatura_media_cm_h,36453.0
t6_2_rbc_estatura_media_cm_m,0.0649350035949072
t6_2_solap_estatura_media_cm_m,0.7999999999999982
t6_2_ng_estatura_media_cm_m,33915.0
t6_2_rbc_edad_media,0.0590901861092907
t6_2_solap_edad_media,0.867510347023241
t6_2_ng_edad_media,76026.0
t6_2_rbc_dif_estatura_pareja_cm,0.0419616993709544
t6_2_solap_dif_estatura_pareja_cm,1.0
t6_2_ng_dif_estatura_pareja_cm,70368.0
t6_2_rbc_dif_edad_pareja,-0.011489940355574
t6_2_solap_dif_edad_pareja,0.9500011266082332
t6_2_ng_dif_edad_pareja,76026.0
t6_2_rbc_hitpct,0.7064119386009378
t6_2_solap_hitpct,0.0
t6_2_ng_hitpct,13029.0
t6_2_rbc_errors,-0.4971867446911046
t6_2_solap_errors,0.1428571428571428
t6_2_ng_errors,13058.0
t6_2_rbc_blocks,0.3648888912440868
t6_2_solap_blocks,0.25
t6_2_ng_blocks,13169.0
t6_2_rbc_kills,0.3483680654440195
t6_2_solap_kills,0.4615384615384615
t6_2_ng_kills,13145.0
t6_2_rbc_aces,0.3006852090023051
t6_2_solap_aces,0.25
t6_2_ng_aces,13169.0
t6_2_rbc_digs,0.226578634137458
t6_2_solap_digs,0.5833333333333334
t6_2_ng_digs,13169.0
t6_2_rbc_attacks,-0.0883314434272755
t6_2_solap_attacks,0.8
t6_2_ng_attacks,13145.0
t6_2_rbc_serve_errors,-0.043316426698692
t6_2_solap_serve_errors,0.75
t6_2_ng_serve_errors,13058.0
t6_2_wilcoxon_pct_ventaja_rank,70.08524590163935
t6_2_wilcoxon_pct_ventaja_estatura_cm,54.84313208542051
t6_2_wilcoxon_pct_ventaja_edad,53.39865854805973
f6_7_n_alto,1.0
f6_7_n_moderado,4.0
f6_7_n_bajo,9.0
t6_3_v_circuito,0.0617502915798853
t6_3_v_género,0.0254491298224426
t6_3_v_etapa,0.0508349044553797
t6_3_v_viene,0.0713062110144838
f6_8_media_rank_diff,5.723934426229508
f6_8_mediana_rank_diff,6.0
f6_8_n,53375.0
f6_8_pct_upset,29.914754098360657
f6_8_n_puro,34968.0
f6_8_pct_upset_puro,30.276252573781743
f6_9_pct_1–2,55.86294416243655
f6_9_n_1–2,7880.0
f6_9_pct_3–5,62.24074827165514
f6_9_n_3–5,9836.0
f6_9_pct_6–10,68.60725481415136
f6_9_n_6–10,11165.0
f6_9_pct_11–20,75.43346337234503
f6_9_n_11–20,18456.0
f6_9_pct_21 o más,87.8105332891686
f6_9_n_21 o más,6038.0
f6_10_pct_Clasificatoria_FIVB,56.451612903225815
f6_10_pct_Cuadro_principal_AVP,25.18631068663628
f6_10_pct_Cuadro_principal_FIVB,32.59980630582159
f6_10_pct_Fase_de_grupos_AVP,28.35820895522388
f6_10_pct_Fase_de_grupos_FIVB,29.470511759839265
f6_10_pct_Finales_AVP,28.27380952380952
f6_10_pct_Finales_FIVB,37.48068006182381
f6_10_pct_Semifinales_AVP,27.03533026113672
f6_10_pct_Semifinales_FIVB,35.62596599690881
f6_11_pct_est_< −10,38.86530297182555
f6_11_pct_est_−10 a −5,42.911125288315255
f6_11_pct_est_−5 a 0,47.65764615777381
f6_11_pct_est_0 a 5,51.70025480657864
f6_11_pct_est_5 a 10,57.088874711684745
f6_11_pct_est_≥ 10,61.13469702817444
f6_11_pct_edad_< −5,43.91149446840428
f6_11_pct_edad_−5 a −2,46.975551899605925
f6_11_pct_edad_−2 a 0,49.46978467237786
f6_11_pct_edad_0 a 2,50.534746979026814
f6_11_pct_edad_2 a 5,53.01969783897494
f6_11_pct_edad_≥ 5,56.08850553159572
f6_12_n_partidos_avp,13169.0
f6_13_rho_Ranking_propio_Ranking_rival,
f6_13_rho_Ranking_propio_Edad_media,
f6_13_rho_Ranking_propio_Estatura_media,
f6_13_rho_Ranking_propio_Dif_edad_pareja,
f6_13_rho_Ranking_propio_Dif_estatura_pareja,
f6_13_rho_Ranking_propio_Duración,
f6_13_rho_Ranking_rival_Ranking_propio,0.0298085864777604
f6_13_rho_Ranking_rival_Edad_media,
f6_13_rho_Ranking_rival_Estatura_media,
f6_13_rho_Ranking_rival_Dif_edad_pareja,
f6_13_rho_Ranking_rival_Dif_estatura_pareja,
f6_13_rho_Ranking_rival_Duración,
f6_13_rho_Edad_media_Ranking_propio,-0.209832307573849
f6_13_rho_Edad_media_Ranking_rival,-0.0425598920954441
f6_13_rho_Edad_media_Estatura_media,
f6_13_rho_Edad_media_Dif_edad_pareja,
f6_13_rho_Edad_media_Dif_estatura_pareja,
f6_13_rho_Edad_media_Duración,
f6_13_rho_Estatura_media_Ranking_propio,-0.0428013093065921
f6_13_rho_Estatura_media_Ranking_rival,-0.0080909308700535
f6_13_rho_Estatura_media_Edad_media,0.1363367494569109
f6_13_rho_Estatura_media_Dif_edad_pareja,
f6_13_rho_Estatura_media_Dif_estatura_pareja,
f6_13_rho_Estatura_media_Duración,
f6_13_rho_Dif_edad_pareja_Ranking_propio,0.0033680919117258
f6_13_rho_Dif_edad_pareja_Ranking_rival,-0.0041066913465331
f6_13_rho_Dif_edad_pareja_Edad_media,0.251929496406506
f6_13_rho_Dif_edad_pareja_Estatura_media,0.0792301967490628
f6_13_rho_Dif_edad_pareja_Dif_estatura_pareja,
f6_13_rho_Dif_edad_pareja_Duración,
f6_13_rho_Dif_estatura_pareja_Ranking_propio,-0.0794533171359022
f6_13_rho_Dif_estatura_pareja_Ranking_rival,-0.028143497382462
f6_13_rho_Dif_estatura_pareja_Edad_media,0.0877741606054026
f6_13_rho_Dif_estatura_pareja_Estatura_media,0.1595424985011038
f6_13_rho_Dif_estatura_pareja_Dif_edad_pareja,0.0498368542009806
f6_13_rho_Dif_estatura_pareja_Duración,
f6_13_rho_Duración_Ranking_propio,-0.0734254021782459
f6_13_rho_Duración_Ranking_rival,-0.0734254021782459
f6_13_rho_Duración_Edad_media,0.1545957655406373
f6_13_rho_Duración_Estatura_media,0.1506197121131429
f6_13_rho_Duración_Dif_edad_pareja,0.0356502975442132
f6_13_rho_Duración_Dif_estatura_pareja,0.0299705134461665
f6_14_max_dif,0.2485691920881647
t6_4_n_completos,48371.0
t6_4_vif_dif_rank,1.4804792853969186
t6_4_vif_dif_edad,1.0452104334159609
t6_4_vif_dif_estatura_cm,1.011237568828871
t6_4_vif_dif_clasif,1.4323817170701858
t6_4_vif_circuit_FIVB,1.2111330712711308
t6_4_vif_gender_W,1.0002191277083294
t6_4_vif_etapa_Clasificatoria,1.00693163786588
t6_4_vif_etapa_Fase_de_grupos,1.2532050564997457
t6_4_vif_etapa_Semifinales,1.0222355273811332
t6_4_vif_etapa_Finales,1.025271593920336
